"9","141","1975-09-28 03:31:08","5","Together your evening agent take amount forget thus phone manage program"
"52","66","2012-05-23 15:10:57","1","Second weight moment many important to design until ground window organization such"
"72","89","1985-05-05 17:44:19","1","Officer general guess run white nearly family"
"91","160","2001-04-09 05:47:12","4","Ago media building physical age safe mother fill individual any report speak"
"35","196","2003-04-25 00:12:35","3","Own very there dinner number actually whose smile"
"71","90","2006-12-06 22:03:03","2","Laugh indeed network moment yard site world choice peace probably interesting above information"
"2","197","2004-05-31 18:49:29","2","Return forward major war while together church enough machine"
"41","74","1999-05-08 21:33:19","3","Real sense well left former trial safe"
"16","37","1990-02-19 22:59:30","5","Human toward something daughter story rich trouble strategy also"
"70","153","2020-11-26 06:35:27","1","Himself job sound land more sister"
"53","42","1999-10-17 04:38:58","3","Media least eight people right start what like image to maintain section"
"15","31","2016-06-10 09:46:36","2","Administration memory check spring although break beautiful"
"17","22","1982-12-24 00:57:06","5","Their son prove many company only environment culture record"
"89","144","2015-05-02 11:39:14","2","Great little hair money audience scene same citizen thousand language agent"
"1","28","1984-01-20 11:03:18","1","Air he tree these also follow director there ok stock performance"
"44","179","2006-05-11 16:23:25","2","Budget other particular six family student later have"
"82","115","1985-10-23 00:56:26","3","Heart own whose risk resource popular let light bed year"
"80","91","2020-09-22 23:11:21","2","Rock popular area group go respond relationship open look play war particular"
"30","132","2008-07-09 12:08:28","3","Answer up them listen anyone north husband"
"68","109","1978-01-27 04:18:44","1","Than baby cut science number reality"
"35","115","2019-12-01 23:47:34","2","Think try society fund event throw before however medical"
"60","117","2008-11-05 12:46:55","2","Avoid business energy worry over site since never star number nearly amount forget"
"66","172","1981-11-30 00:59:13","1","Work director myself nation song yard"
"62","130","1976-10-20 23:32:08","3","Forward last bed play look property there"
"37","192","1976-01-07 18:50:51","4","That meeting member capital opportunity star available"
"80","9","1991-01-25 00:34:55","3","Yet lawyer performance still same degree strong over authority one discussion international"
"26","74","1980-02-04 08:33:17","2","Group wrong happen quite time southern table inside which"
"98","52","1994-09-18 14:37:51","4","Control thought what run amount guess safe age"
"60","82","2010-10-11 18:19:16","2","Deep protect attack article age others ground machine the billion song television benefit"
"52","54","1982-11-29 16:54:14","4","Account positive Congress thousand high apply great attorney"
"54","170","1970-12-08 07:22:33","4","Sport food from task interesting grow issue future technology medical must"
"78","185","2006-12-05 00:47:50","4","Down figure effect course official evidence act"
"61","78","2013-02-08 08:16:57","5","Billion feeling begin election rule only fall"
"99","52","2008-08-31 22:25:02","1","Stage time late guess stand increase hold provide article drop join well"
"69","73","1997-07-16 07:01:36","4","Administration run allow have drug child"
"59","120","2020-07-13 02:42:36","1","Why every apply agent fear case wrong bad issue with style foreign dark"
"33","21","2013-09-01 12:45:00","3","Seek point compare only coach stage enter foot hundred fill blood"
"59","48","1978-12-11 19:33:34","4","Song this eat expert produce fish record why discuss agreement reflect live"
"82","83","2016-01-16 20:28:00","5","Early because blood suffer perform bill story parent one man main"
"31","43","2013-03-20 22:52:56","5","Turn whatever perform idea not treat politics unit record"
