"0","3028 Thompson Vista Suite 494
Lake Sarastad, OK 48594"
"1","938 Jon Passage Apt. 583
Mauricefurt, ND 50145"
"2","664 Deborah Squares Apt. 415
Pruittberg, ND 64437"
"3","3214 Dunn Junctions
East Michaelville, IA 51266"
"4","09589 Camacho Burgs Apt. 963
Mcdanielfort, DC 51056"
"5","1141 Pope Curve
Wilsonborough, HI 25819"
"6","USNV Dalton
FPO AP 33221"
"7","383 Flynn Common Apt. 973
New Michaeltown, ME 87520"
"8","87985 Richard Dam
Kathleenhaven, GA 65455"
"9","7964 Joanna Alley Suite 401
Port Maxwellside, NJ 57704"
"10","30564 Rose Junction Apt. 521
Christopherstad, CT 41618"
"11","445 Anne Creek Apt. 715
West Kristin, NE 82460"
"12","72778 Chaney Ridge Apt. 321
Nicholasfurt, NC 53357"
"13","24292 Rowe Courts Suite 993
Floresshire, WY 80091"
"14","6457 Hughes Coves
South Timothy, WV 28585"
"15","529 Brenda Point
Walkerside, NJ 83632"
"16","PSC 0984, Box 4810
APO AA 36742"
"17","0877 Rios Mountains Suite 849
North Christopherborough, KY 84570"
"18","828 Perez Passage Apt. 050
West Richard, FL 88331"
"19","PSC 5914, Box 2667
APO AA 42933"
"20","55929 Newton Isle
Meganside, MT 19238"
"21","463 Stacey Pike
Walkertown, AL 38824"
"22","93855 Buchanan Passage
Andrewberg, WY 09541"
"23","USNV Walter
FPO AP 96526"
"24","9390 Gardner Meadow
Mcdanielmouth, DE 69531"
"25","151 Crosby Pines Suite 618
East Robertfurt, AZ 08039"
"26","2749 Delgado Island
Denisestad, NM 05301"
"27","5305 Chelsea Pines Apt. 364
North Robert, RI 49361"
"28","643 Cooper Rest
Nicholasshire, VA 15309"
"29","37583 Theresa Terrace
Rubioville, FL 96631"
"30","09986 Nicholas Well Apt. 475
Melissachester, CA 55505"
"31","06497 Hays Spur Suite 592
Kylemouth, NC 27350"
"32","41258 Pennington Canyon Apt. 634
Lake Brittanytown, SC 42280"
"33","318 Williams Loaf
Johnside, MI 73619"
"34","862 Molina Brook
Johnland, NV 39163"
"35","60903 Dustin Flats Suite 651
Lake Johnland, HI 24022"
"36","789 Ryan Passage
New Jennifer, KY 67986"
"37","061 Flynn Plains
Port Brandonburgh, IA 47540"
"38","8393 Davis Spring
North Coreymouth, MS 82835"
"39","5027 Amy Dale Suite 507
Carrstad, NH 31879"
"40","938 John Ways
New Gregorymouth, WI 88890"
"41","70020 Taylor Mews
Port Nicole, IL 22092"
"42","12803 Deleon Street
Bensontown, NH 69021"
"43","2731 Steven Islands
Boonefurt, MS 80386"
"44","2684 Sharon Mall Apt. 508
Phillipsfurt, NV 83671"
"45","830 Hall Gateway Suite 466
Juantown, DC 80730"
"46","0987 Andres Stravenue Apt. 391
East Roger, SD 95422"
"47","349 Carter Drive
Jeremychester, IA 89320"
"48","9534 Melissa Summit
New Carrieland, KY 71175"
"49","Unit 0566 Box 7856
DPO AP 95548"
