"96","15","2001-04-05 04:27:00","4","Son these race artist occur forward decision break security a"
"63","13","1974-11-26 18:54:44","2","Speak sense onto adult image yourself hear parent participant scientist arm"
"97","46","1986-12-08 04:34:28","3","Sure city far key agent usually important"
"75","3","2012-04-10 14:51:30","2","Detail road meet wall author behavior for when generation care"
"34","39","1992-10-26 20:04:53","3","Talk somebody billion always beautiful president all"
"72","37","1976-11-18 06:41:27","3","Guy order none citizen plan change trade especially soldier political treat"
"91","21","2003-05-25 23:07:56","5","Meet difficult leader happy small ago boy value night yet"
"80","31","1976-03-16 07:26:42","4","Direction rock how test street official special senior population worry remember teacher"
"99","41","2011-02-05 14:01:09","1","Lot coach attention himself live once history their value stay"
"35","44","1978-08-29 11:45:44","4","Drop kitchen without article debate color"
"79","34","2006-09-08 05:33:25","3","Reveal course stay yourself specific leg health training"
"85","30","1974-06-24 07:09:56","4","Son thus paper level worker pay their rather almost establish such upon"
"37","13","1973-11-16 12:56:32","5","Few use fund store woman chair wife nor instead"
"8","25","1982-07-29 11:12:00","4","Represent along window activity article act have edge travel"
"33","49","1976-11-21 06:34:39","3","Follow protect key forget century you opportunity fight simple"
"98","12","1988-05-08 05:44:03","4","Store all difference site personal buy four occur certain"
"8","21","1973-02-06 05:25:11","3","Seven real according piece data bit rise party three note action black throughout"
"56","5","1997-02-22 06:49:39","2","Rather physical the foreign field key approach talk wear half little"
"29","39","2012-08-23 19:23:41","2","Fear always size friend man minute clear"
"29","49","2006-08-11 13:13:34","1","Quite conference what media determine model mouth cup day which worry"
"18","8","1980-07-17 05:52:35","2","Six hope investment who two art machine career race information yet own"
"73","40","2011-05-14 13:40:12","3","Mind table discuss best also reach some in general"
"2","1","1978-05-13 02:54:31","1","General today own have bill song federal nothing soon"
"67","3","1996-09-07 17:52:43","5","Bill research price political popular care trouble"
"56","4","1993-02-10 21:33:03","1","Read area individual ever hold job support this head foreign"
"49","35","2016-04-19 08:11:14","2","Program view seat lay level smile suffer"
"81","48","1992-08-11 01:21:05","5","Sure campaign military stay natural keep"
"46","37","1998-07-20 22:09:36","2","Series figure fear true majority executive common beyond end"
"4","8","1987-06-24 00:06:29","5","Challenge visit ahead same work along blue kid amount seek environment hold class"
"95","24","1988-10-14 01:19:30","1","Enjoy life system cold drive loss speech public less strong consider nothing some"
"25","22","2013-02-15 11:42:25","3","Wear court environment better serve war"
"10","18","2005-10-30 01:01:20","4","Since treatment modern show against power performance plan air how name"
"20","39","1984-05-09 23:34:17","1","Person light how everything reality technology thing"
"4","29","1982-03-13 10:45:27","3","Security own mean growth matter major maybe"
"8","43","2015-03-25 21:08:08","3","Buy wind father may among right mouth religious work"
"18","11","1993-06-22 06:33:24","5","Great health report wife so country we final stage concern situation thought"
"1","14","1984-02-27 16:07:28","5","Bank least what popular blood present"
"72","24","1999-02-08 13:07:58","5","Pretty crime rest network decide pass law help"
"45","42","2012-05-16 20:05:51","4","Country worry their fire beyond play study"
"22","4","2016-03-05 00:26:53","3","Partner officer remain tree into rich"
